{
    "loss": [
        1.1108763217926025
    ],
    "accuracy": [
        0.4134615361690521
    ],
    "val_loss": [
        2.349965810775757
    ],
    "val_accuracy": [
        0.5
    ]
}