{
    "loss": [
        1.1244399547576904
    ],
    "accuracy": [
        0.38461539149284363
    ],
    "val_loss": [
        1.0465701818466187
    ],
    "val_accuracy": [
        0.5
    ]
}